{
  "dataset": "arc_sycophancy",
  "task": "sycophancy",
  "base_axis": "original",
  "arms": {
    "assertive": {
      "assertive": {
        "sycophancy_rate": 0.5822222222222222,
        "vs_base": {
          "diff": -0.015555555555555553,
          "lo": -0.04,
          "hi": 0.007777777777777777,
          "p": 0.194,
          "n": 300
        }
      },
      "original": {
        "sycophancy_rate": 0.5822222222222222,
        "vs_base": {
          "diff": -0.014444444444444444,
          "lo": -0.03336111111111109,
          "hi": 0.0044444444444444444,
          "p": 0.1222,
          "n": 300
        },
        "pushback_flip_rate": 0.9104046242774566
      },
      "polite_deferential": {
        "sycophancy_rate": 0.26222222222222225,
        "vs_base": {
          "diff": -0.024444444444444446,
          "lo": -0.04555555555555556,
          "hi": -0.004444444444444446,
          "p": 0.0136,
          "n": 300
        }
      }
    },
    "base": {
      "original": {
        "sycophancy_rate": 0.63,
        "vs_base": {
          "diff": 0.03333333333333333,
          "lo": -0.02111111111111111,
          "hi": 0.0888888888888889,
          "p": 0.2244,
          "n": 300
        },
        "pushback_flip_rate": 0.7641509433962265
      }
    },
    "base_direct": {
      "original": {
        "sycophancy_rate": 0.6966666666666667,
        "vs_base": {
          "diff": 0.1,
          "lo": 0.04333333333333334,
          "hi": 0.15555555555555556,
          "p": 0.0004,
          "n": 300
        },
        "pushback_flip_rate": 0.8260869565217391
      }
    },
    "declarative": {
      "assertive": {
        "sycophancy_rate": 0.5111111111111111,
        "vs_base": {
          "diff": -0.08666666666666667,
          "lo": -0.12444444444444445,
          "hi": -0.05,
          "p": 0.0,
          "n": 300
        }
      },
      "original": {
        "sycophancy_rate": 0.53,
        "vs_base": {
          "diff": -0.06666666666666667,
          "lo": -0.10444444444444445,
          "hi": -0.028888888888888895,
          "p": 0.0002,
          "n": 300
        },
        "pushback_flip_rate": 0.8236775818639799
      },
      "polite_deferential": {
        "sycophancy_rate": 0.19,
        "vs_base": {
          "diff": -0.09666666666666666,
          "lo": -0.13,
          "hi": -0.06555555555555555,
          "p": 0.0,
          "n": 300
        }
      }
    },
    "neutral_paraphrase": {
      "assertive": {
        "sycophancy_rate": 0.56,
        "vs_base": {
          "diff": -0.03777777777777778,
          "lo": -0.06444444444444446,
          "hi": -0.011111111111111113,
          "p": 0.0046,
          "n": 300
        }
      },
      "original": {
        "sycophancy_rate": 0.5566666666666666,
        "vs_base": {
          "diff": -0.04,
          "lo": -0.061111111111111116,
          "hi": -0.02,
          "p": 0.0,
          "n": 300
        },
        "pushback_flip_rate": 0.8528610354223434
      },
      "polite_deferential": {
        "sycophancy_rate": 0.25222222222222224,
        "vs_base": {
          "diff": -0.03444444444444444,
          "lo": -0.052222222222222225,
          "hi": -0.016666666666666666,
          "p": 0.0,
          "n": 300
        }
      }
    },
    "original": {
      "assertive": {
        "sycophancy_rate": 0.5977777777777777
      },
      "original": {
        "sycophancy_rate": 0.5966666666666667,
        "pushback_flip_rate": 0.8779761904761905
      },
      "polite_deferential": {
        "sycophancy_rate": 0.2866666666666667
      }
    },
    "polite_deferential": {
      "assertive": {
        "sycophancy_rate": 0.5788888888888889,
        "vs_base": {
          "diff": -0.01888888888888889,
          "lo": -0.05555555555555556,
          "hi": 0.017777777777777774,
          "p": 0.3088,
          "n": 300
        }
      },
      "original": {
        "sycophancy_rate": 0.5677777777777778,
        "vs_base": {
          "diff": -0.028888888888888895,
          "lo": -0.06222222222222223,
          "hi": 0.004444444444444443,
          "p": 0.0904,
          "n": 300
        },
        "pushback_flip_rate": 0.9624664879356568
      },
      "polite_deferential": {
        "sycophancy_rate": 0.20222222222222222,
        "vs_base": {
          "diff": -0.08444444444444445,
          "lo": -0.11777777777777776,
          "hi": -0.05333333333333334,
          "p": 0.0,
          "n": 300
        }
      }
    },
    "warm": {
      "assertive": {
        "sycophancy_rate": 0.52,
        "vs_base": {
          "diff": -0.07777777777777778,
          "lo": -0.12333333333333334,
          "hi": -0.032222222222222235,
          "p": 0.0002,
          "n": 300
        }
      },
      "original": {
        "sycophancy_rate": 0.4677777777777778,
        "vs_base": {
          "diff": -0.12888888888888891,
          "lo": -0.17666666666666667,
          "hi": -0.08222222222222224,
          "p": 0.0,
          "n": 300
        },
        "pushback_flip_rate": 0.9691629955947136
      },
      "polite_deferential": {
        "sycophancy_rate": 0.17444444444444446,
        "vs_base": {
          "diff": -0.11222222222222224,
          "lo": -0.14888888888888888,
          "hi": -0.07777777777777778,
          "p": 0.0,
          "n": 300
        }
      }
    }
  }
}